External_Id__c,CompanyName,FirstName,LastName,Name,Alias,Username,CommunityNickname,Email,Phone,UserRole.Name,Profile.Name,Title,TimeZoneSidKey,LocaleSidKey,EmailEncodingKey,LanguageLocaleKey,UserPermissionsAvantgoUser,UserPermissionsCallCenterAutoLogin,UserPermissionsChatterAnswersUser,UserPermissionsInteractionUser,UserPermissionsJigsawProspectingUser,UserPermissionsKnowledgeUser,UserPermissionsLiveAgentUser,UserPermissionsMarketingUser,UserPermissionsMobileUser,UserPermissionsOfflineUser,UserPermissionsSFContentUser,UserPermissionsSiteforceContributorUser,UserPermissionsSiteforcePublisherUser,UserPermissionsSupportUser,UserPermissionsWorkDotComUserFeature,UserPreferencesActivityRemindersPopup,UserPreferencesApexPagesDeveloperMode,UserPreferencesCacheDiagnostics,UserPreferencesContentEmailAsAndWhen,UserPreferencesContentNoEmail,UserPreferencesDisableAllFeedsEmail,UserPreferencesDisableBookmarkEmail,UserPreferencesDisableChangeCommentEmail,UserPreferencesDisableEndorsementEmail,UserPreferencesDisableFeedbackEmail,UserPreferencesDisableFileShareNotificationsForApi,UserPreferencesDisableFollowersEmail,UserPreferencesDisableLaterCommentEmail,UserPreferencesDisableLikeEmail,UserPreferencesDisableMentionsPostEmail,UserPreferencesDisableMessageEmail,UserPreferencesDisableProfilePostEmail,UserPreferencesDisableRewardEmail,UserPreferencesDisableSharePostEmail,UserPreferencesDisableWorkEmail,UserPreferencesDisCommentAfterLikeEmail,UserPreferencesDisMentionsCommentEmail,UserPreferencesDisProfPostCommentEmail,UserPreferencesEnableAutoSubForFeeds,UserPreferencesEventRemindersCheckboxDefault,UserPreferencesHideBiggerPhotoCallout,UserPreferencesHideChatterOnboardingSplash,UserPreferencesHideCSNDesktopTask,UserPreferencesHideCSNGetChatterMobileTask,UserPreferencesHideEndUserOnboardingAssistantModal,UserPreferencesHideLightningMigrationModal,UserPreferencesHideS1BrowserUI,UserPreferencesHideSecondChatterOnboardingSplash,UserPreferencesHideSfxWelcomeMat,UserPreferencesJigsawListUser,UserPreferencesLightningExperiencePreferred,UserPreferencesPathAssistantCollapsed,UserPreferencesPreviewLightning,UserPreferencesReminderSoundOff,UserPreferencesShowCityToExternalUsers,UserPreferencesShowCityToGuestUsers,UserPreferencesShowCountryToExternalUsers,UserPreferencesShowCountryToGuestUsers,UserPreferencesShowEmailToExternalUsers,UserPreferencesShowEmailToGuestUsers,UserPreferencesShowFaxToExternalUsers,UserPreferencesShowFaxToGuestUsers,UserPreferencesShowManagerToExternalUsers,UserPreferencesShowManagerToGuestUsers,UserPreferencesShowMobilePhoneToExternalUsers,UserPreferencesShowMobilePhoneToGuestUsers,UserPreferencesShowPostalCodeToExternalUsers,UserPreferencesShowPostalCodeToGuestUsers,UserPreferencesShowProfilePicToGuestUsers,UserPreferencesShowStateToExternalUsers,UserPreferencesShowStateToGuestUsers,UserPreferencesShowStreetAddressToExternalUsers,UserPreferencesShowStreetAddressToGuestUsers,UserPreferencesShowTitleToExternalUsers,UserPreferencesShowTitleToGuestUsers,UserPreferencesShowWorkPhoneToExternalUsers,UserPreferencesShowWorkPhoneToGuestUsers,UserPreferencesSortFeedByComment,UserPreferencesTaskRemindersCheckboxDefault,EmailPreferencesAutoBcc,EmailPreferencesAutoBccStayInTouch,EmailPreferencesStayInTouchReminder,UserPreferencesGlobalNavBarWTShown,UserPreferencesGlobalNavGridMenuWTShown,UserPreferencesCreateLEXAppsWTShown
"W_User.1",Jayo,Alice,Kelley,Alice Kelley,akelley0,akelley01487025654@demo.user,akelley01487025654,akelley0@webmail.com,7-(552)391-7316,West Sales,Standard User,Account Executive,America/Los_Angeles,en_US,ISO-8859-1,en_US,false,false,false,false,false,false,false,false,false,false,false,false,false,false,false,false,false,false,false,false,false,false,false,false,false,false,false,false,false,false,false,false,false,false,false,false,false,false,false,false,false,false,false,false,false,false,false,false,false,false,false,false,false,false,false,false,false,false,false,false,false,false,false,false,false,false,false,false,false,false,false,false,false,false,false,false,false,false,false,false,false,false,false,false,false
W_User.2,Bubbletube,Rose,Wright,Rose Wright,rwright1,rwright11487025654@demo.user,rwright11487025654,rwright1@webmail.com,62-(880)510-6743,Central Sales,Standard User,Account Executive,America/Los_Angeles,en_US,ISO-8859-1,en_US,false,false,false,false,false,false,false,false,false,false,false,false,false,false,false,false,false,false,false,false,false,false,false,false,false,false,false,false,false,false,false,false,false,false,false,false,false,false,false,false,false,false,false,false,false,false,false,false,false,false,false,false,false,false,false,false,false,false,false,false,false,false,false,false,false,false,false,false,false,false,false,false,false,false,false,false,false,false,false,false,false,false,false,false,false
W_User.3,Dynazzy,Maria,Fuller,Maria Fuller,mfuller2,mfuller21487025655@demo.user,mfuller21487025655,mfuller2@webmail.com,86-(540)170-2522,Central Sales,Standard User,Account Executive,America/Los_Angeles,en_US,ISO-8859-1,en_US,false,false,false,false,false,false,false,false,false,false,false,false,false,false,false,false,false,false,false,false,false,false,false,false,false,false,false,false,false,false,false,false,false,false,false,false,false,false,false,false,false,false,false,false,false,false,false,false,false,false,false,false,false,false,false,false,false,false,false,false,false,false,false,false,false,false,false,false,false,false,false,false,false,false,false,false,false,false,false,false,false,false,false,false,false
W_User.4,Bubblebox,Steve,Meyer,Steve Meyer,smeyer3,smeyer31487025655@demo.user,smeyer31487025655,smeyer3@webmail.com,27-(602)931-0506,West Sales,Standard User,Account Executive,America/Los_Angeles,en_US,ISO-8859-1,en_US,false,false,false,false,false,false,false,false,false,false,false,false,false,false,false,false,false,false,false,false,false,false,false,false,false,false,false,false,false,false,false,false,false,false,false,false,false,false,false,false,false,false,false,false,false,false,false,false,false,false,false,false,false,false,false,false,false,false,false,false,false,false,false,false,false,false,false,false,false,false,false,false,false,false,false,false,false,false,false,false,false,false,false,false,false
W_User.5,Fivebridge,Kelly,Roberts,Kelly Roberts,kroberts,kroberts1487025655@demo.user,kroberts1487025655,kroberts@webmail.com,7-(195)240-7456,East Sales,Standard User,Strategic Account Executive,America/Los_Angeles,en_US,ISO-8859-1,en_US,false,false,false,false,false,false,false,false,false,false,false,false,false,false,false,false,false,false,false,false,false,false,false,false,false,false,false,false,false,false,false,false,false,false,false,false,false,false,false,false,false,false,false,false,false,false,false,false,false,false,false,false,false,false,false,false,false,false,false,false,false,false,false,false,false,false,false,false,false,false,false,false,false,false,false,false,false,false,false,false,false,false,false,false,false
W_User.6,Wordify,Russell,Hill,Russell Hill,rhill5,rhill51487025655@demo.user,rhill51487025655,rhill5@webmail.com,55-(539)756-1072,South Sales,Standard User,Strategic Account Executive,America/Los_Angeles,en_US,ISO-8859-1,en_US,false,false,false,false,false,false,false,false,false,false,false,false,false,false,false,false,false,false,false,false,false,false,false,false,false,false,false,false,false,false,false,false,false,false,false,false,false,false,false,false,false,false,false,false,false,false,false,false,false,false,false,false,false,false,false,false,false,false,false,false,false,false,false,false,false,false,false,false,false,false,false,false,false,false,false,false,false,false,false,false,false,false,false,false,false
W_User.7,Lazz,Marilyn,Reed,Marilyn Reed,mreed6,mreed61487025655@demo.user,mreed61487025655,mreed6@webmail.com,57-(390)375-5284,South Sales,Standard User,Account Executive,America/Los_Angeles,en_US,ISO-8859-1,en_US,false,false,false,false,false,false,false,false,false,false,false,false,false,false,false,false,false,false,false,false,false,false,false,false,false,false,false,false,false,false,false,false,false,false,false,false,false,false,false,false,false,false,false,false,false,false,false,false,false,false,false,false,false,false,false,false,false,false,false,false,false,false,false,false,false,false,false,false,false,false,false,false,false,false,false,false,false,false,false,false,false,false,false,false,false
W_User.8,Ooba,Robert,Diaz,Robert Diaz,rdiaz7,rdiaz71487025655@demo.user,rdiaz71487025655,rdiaz7@webmail.com,93-(622)564-2209,West Sales,Standard User,Strategic Account Executive,America/Los_Angeles,en_US,ISO-8859-1,en_US,false,false,false,false,false,false,false,false,false,false,false,false,false,false,false,false,false,false,false,false,false,false,false,false,false,false,false,false,false,false,false,false,false,false,false,false,false,false,false,false,false,false,false,false,false,false,false,false,false,false,false,false,false,false,false,false,false,false,false,false,false,false,false,false,false,false,false,false,false,false,false,false,false,false,false,false,false,false,false,false,false,false,false,false,false
W_User.9,Rooxo,Philip,Thomas,Philip Thomas,pthomas8,pthomas81487025655@demo.user,pthomas81487025655,pthomas8@webmail.com,46-(457)461-8088,East Sales,Standard User,Strategic Account Executive,America/Los_Angeles,en_US,ISO-8859-1,en_US,false,false,false,false,false,false,false,false,false,false,false,false,false,false,false,false,false,false,false,false,false,false,false,false,false,false,false,false,false,false,false,false,false,false,false,false,false,false,false,false,false,false,false,false,false,false,false,false,false,false,false,false,false,false,false,false,false,false,false,false,false,false,false,false,false,false,false,false,false,false,false,false,false,false,false,false,false,false,false,false,false,false,false,false,false
W_User.10,Tagopia,Nancy,Perez,Nancy Perez,nperez9,nperez91487025655@demo.user,nperez91487025655,nperez9@webmail.com,86-(535)703-7733,East Sales,Standard User,Account Executive,America/Los_Angeles,en_US,ISO-8859-1,en_US,false,false,false,false,false,false,false,false,false,false,false,false,false,false,false,false,false,false,false,false,false,false,false,false,false,false,false,false,false,false,false,false,false,false,false,false,false,false,false,false,false,false,false,false,false,false,false,false,false,false,false,false,false,false,false,false,false,false,false,false,false,false,false,false,false,false,false,false,false,false,false,false,false,false,false,false,false,false,false,false,false,false,false,false,false
W_User.11,Buzzster,Gregory,Stone,Gregory Stone,gstonea,gstonea1487025655@demo.user,gstonea1487025655,gstonea@webmail.com,48-(467)286-7240,East Sales,Standard User,Account Executive,America/Los_Angeles,en_US,ISO-8859-1,en_US,false,false,false,false,false,false,false,false,false,false,false,false,false,false,false,false,false,false,false,false,false,false,false,false,false,false,false,false,false,false,false,false,false,false,false,false,false,false,false,false,false,false,false,false,false,false,false,false,false,false,false,false,false,false,false,false,false,false,false,false,false,false,false,false,false,false,false,false,false,false,false,false,false,false,false,false,false,false,false,false,false,false,false,false,false
W_User.12,Topiclounge,Frances,Gardner,Frances Gardner,fgardner,fgardner1487025655@demo.user,fgardner1487025655,fgardner@webmail.com,86-(983)490-8610,East Sales,Standard User,Account Executive,America/Los_Angeles,en_US,ISO-8859-1,en_US,false,false,false,false,false,false,false,false,false,false,false,false,false,false,false,false,false,false,false,false,false,false,false,false,false,false,false,false,false,false,false,false,false,false,false,false,false,false,false,false,false,false,false,false,false,false,false,false,false,false,false,false,false,false,false,false,false,false,false,false,false,false,false,false,false,false,false,false,false,false,false,false,false,false,false,false,false,false,false,false,false,false,false,false,false
W_User.13,InnoZ,Jane,Owens,Jane Owens,jowensc,jowensc1487025655@demo.user,jowensc1487025655,jowensc@webmail.com,7-(276)234-4635,Central Sales,Standard User,Account Executive,America/Los_Angeles,en_US,ISO-8859-1,en_US,false,false,false,false,false,false,false,false,false,false,false,false,false,false,false,false,false,false,false,false,false,false,false,false,false,false,false,false,false,false,false,false,false,false,false,false,false,false,false,false,false,false,false,false,false,false,false,false,false,false,false,false,false,false,false,false,false,false,false,false,false,false,false,false,false,false,false,false,false,false,false,false,false,false,false,false,false,false,false,false,false,false,false,false,false
W_User.14,Agimba,Ralph,Greene,Ralph Greene,rgreened,rgreened1487025655@demo.user,rgreened1487025655,rgreened@webmail.com,48-(361)305-6622,East Sales,Standard User,Account Executive,America/Los_Angeles,en_US,ISO-8859-1,en_US,false,false,false,false,false,false,false,false,false,false,false,false,false,false,false,false,false,false,false,false,false,false,false,false,false,false,false,false,false,false,false,false,false,false,false,false,false,false,false,false,false,false,false,false,false,false,false,false,false,false,false,false,false,false,false,false,false,false,false,false,false,false,false,false,false,false,false,false,false,false,false,false,false,false,false,false,false,false,false,false,false,false,false,false,false
W_User.15,Kanoodle,Adam,Foster,Adam Foster,afostere,afostere1487025655@demo.user,afostere1487025655,afostere@webmail.com,7-(814)733-3122,West Sales,Standard User,Account Executive,America/Los_Angeles,en_US,ISO-8859-1,en_US,false,false,false,false,false,false,false,false,false,false,false,false,false,false,false,false,false,false,false,false,false,false,false,false,false,false,false,false,false,false,false,false,false,false,false,false,false,false,false,false,false,false,false,false,false,false,false,false,false,false,false,false,false,false,false,false,false,false,false,false,false,false,false,false,false,false,false,false,false,false,false,false,false,false,false,false,false,false,false,false,false,false,false,false,false
W_User.16,Flashspan,Johnny,Reed,Johnny Reed,jreedf,jreedf1487025655@demo.user,jreedf1487025655,jreedf@webmail.com,351-(491)327-5495,East Sales,Standard User,Account Executive,America/Los_Angeles,en_US,ISO-8859-1,en_US,false,false,false,false,false,false,false,false,false,false,false,false,false,false,false,false,false,false,false,false,false,false,false,false,false,false,false,false,false,false,false,false,false,false,false,false,false,false,false,false,false,false,false,false,false,false,false,false,false,false,false,false,false,false,false,false,false,false,false,false,false,false,false,false,false,false,false,false,false,false,false,false,false,false,false,false,false,false,false,false,false,false,false,false,false
W_User.17,Brainverse,Victor,Ward,Victor Ward,vwardg,vwardg1487025655@demo.user,vwardg1487025655,vwardg@webmail.com,7-(704)869-1073,Central Sales,Standard User,Account Executive,America/Los_Angeles,en_US,ISO-8859-1,en_US,false,false,false,false,false,false,false,false,false,false,false,false,false,false,false,false,false,false,false,false,false,false,false,false,false,false,false,false,false,false,false,false,false,false,false,false,false,false,false,false,false,false,false,false,false,false,false,false,false,false,false,false,false,false,false,false,false,false,false,false,false,false,false,false,false,false,false,false,false,false,false,false,false,false,false,false,false,false,false,false,false,false,false,false,false
W_User.18,Flashset,Carol,White,Carol White,cwhiteh,cwhiteh1487025655@demo.user,cwhiteh1487025655,cwhiteh@webmail.com,86-(125)326-7879,South Sales,Standard User,Account Executive,America/Los_Angeles,en_US,ISO-8859-1,en_US,false,false,false,false,false,false,false,false,false,false,false,false,false,false,false,false,false,false,false,false,false,false,false,false,false,false,false,false,false,false,false,false,false,false,false,false,false,false,false,false,false,false,false,false,false,false,false,false,false,false,false,false,false,false,false,false,false,false,false,false,false,false,false,false,false,false,false,false,false,false,false,false,false,false,false,false,false,false,false,false,false,false,false,false,false
W_User.19,Teklist,Shirley,Henderson,Shirley Henderson,shenders,shenders1487025655@demo.user,shenders1487025655,shenders@webmail.com,95-(880)731-4309,East Sales,Standard User,Account Executive,America/Los_Angeles,en_US,ISO-8859-1,en_US,false,false,false,false,false,false,false,false,false,false,false,false,false,false,false,false,false,false,false,false,false,false,false,false,false,false,false,false,false,false,false,false,false,false,false,false,false,false,false,false,false,false,false,false,false,false,false,false,false,false,false,false,false,false,false,false,false,false,false,false,false,false,false,false,false,false,false,false,false,false,false,false,false,false,false,false,false,false,false,false,false,false,false,false,false
W_User.20,Podcat,Jose,Moreno,Jose Moreno,jmorenoj,jmorenoj1487025655@demo.user,jmorenoj1487025655,jmorenoj@webmail.com,81-(620)940-1043,East Sales,Standard User,Account Executive,America/Los_Angeles,en_US,ISO-8859-1,en_US,false,false,false,false,false,false,false,false,false,false,false,false,false,false,false,false,false,false,false,false,false,false,false,false,false,false,false,false,false,false,false,false,false,false,false,false,false,false,false,false,false,false,false,false,false,false,false,false,false,false,false,false,false,false,false,false,false,false,false,false,false,false,false,false,false,false,false,false,false,false,false,false,false,false,false,false,false,false,false,false,false,false,false,false,false